{
  "best_val_accuracy": 0.4653878231859883,
  "test_loss": 1.4447697019577026,
  "test_accuracy": 0.47333333333333333,
  "train_tracks": 5595,
  "val_tracks": 1199,
  "test_tracks": 1200
}